Alt,Bar,Fri,Hyn,Pat,Price,Rain,Res,Type,Est,WillWait
Yes,No,No,Yes,Some,$$$,No,Yes,French,0–10,Yes
Yes,No,No,Yes,Full,$,No,No,Thai,30–60,No
No,Yes,No,No,Some,$,No,No,Burger,0–10,Yes
Yes,No,Yes,Yes,Full,$,Yes,No,Thai,10–30,Yes
Yes,No,Yes,No,Full,$$$,No,Yes,French,>60,No
No,Yes,No,Yes,Some,$$,Yes,Yes,Italian,0–10,Yes
No,Yes,No,No,None,$,Yes,No,Burger,0–10,No
No,No,No,Yes,Some,$$,Yes,Yes,Thai,0–10,Yes
No,Yes,Yes,No,Full,$,Yes,No,Burger,>60,No
Yes,Yes,Yes,Yes,Full,$$$,No,Yes,Italian,10–30,No
No,No,No,No,None,$,No,No,Thai,0–10,No
Yes,Yes,Yes,Yes,Full,$,No,No,Burger,30–60,Yes
Yes,No,No,Yes,Some,$$$,Yes,Yes,French,0–10,Yes
Yes,No,No,Yes,Full,$,Yes,No,Thai,30–60,No
No,Yes,No,No,Some,$,Yes,No,Burger,0–10,Yes
Yes,No,Yes,Yes,Full,$,No,No,Thai,10–30,Yes
Yes,No,Yes,No,Full,$$$,Yes,Yes,French,>60,No
No,Yes,No,Yes,Some,$$,No,Yes,Italian,0–10,Yes
No,Yes,No,No,None,$,No,No,Burger,0–10,No
No,No,No,Yes,Some,$$,No,Yes,Thai,0–10,Yes
No,Yes,Yes,No,Full,$,No,No,Burger,>60,No
Yes,Yes,Yes,Yes,Full,$$$,Yes,Yes,Italian,10–30,No
No,No,No,No,None,$,Yes,No,Thai,0–10,No
Yes,Yes,Yes,Yes,Full,$,Yes,No,Burger,30–60,Yes
No,No,No,Yes,Some,$$$,No,Yes,French,0–10,Yes
No,No,No,Yes,Full,$,No,No,Thai,30–60,No
Yes,Yes,No,No,Some,$,No,No,Burger,0–10,Yes
No,No,Yes,Yes,Full,$,Yes,No,Thai,10–30,Yes
No,No,Yes,No,Full,$$$,No,Yes,French,>60,No
Yes,Yes,No,Yes,Some,$$,Yes,Yes,Italian,0–10,Yes
Yes,Yes,No,No,None,$,Yes,No,Burger,0–10,No
Yes,No,No,Yes,Some,$$,Yes,Yes,Thai,0–10,Yes
Yes,Yes,Yes,No,Full,$,Yes,No,Burger,>60,No
No,Yes,Yes,Yes,Full,$$$,No,Yes,Italian,10–30,No
Yes,No,No,No,None,$,No,No,Thai,0–10,No
No,Yes,Yes,Yes,Full,$,No,No,Burger,30–60,Yes
No,No,No,Yes,Some,$$$,Yes,Yes,French,0–10,Yes
No,No,No,Yes,Full,$,Yes,No,Thai,30–60,No
Yes,Yes,No,No,Some,$,Yes,No,Burger,0–10,Yes
No,No,Yes,Yes,Full,$,No,No,Thai,10–30,Yes
No,No,Yes,No,Full,$$$,Yes,Yes,French,>60,No
Yes,Yes,No,Yes,Some,$$,No,Yes,Italian,0–10,Yes
Yes,Yes,No,No,None,$,No,No,Burger,0–10,No
Yes,No,No,Yes,Some,$$,No,Yes,Thai,0–10,Yes
Yes,Yes,Yes,No,Full,$,No,No,Burger,>60,No
No,Yes,Yes,Yes,Full,$$$,Yes,Yes,Italian,10–30,No
Yes,No,No,No,None,$,Yes,No,Thai,0–10,No
No,Yes,Yes,Yes,Full,$,Yes,No,Burger,30–60,Yes
Yes,No,No,Yes,None,$$$,No,Yes,French,0–10,Yes
Yes,No,No,Yes,None,$,No,No,Thai,30–60,No
No,Yes,No,No,Some,$,No,No,Burger,0–10,Yes
Yes,No,Yes,Yes,None,$,Yes,No,Thai,10–30,Yes
Yes,No,Yes,No,Full,$$$,No,Yes,French,>60,No
No,Yes,No,Yes,None,$$,Yes,Yes,Italian,0–10,Yes
No,Yes,No,No,Full,$,Yes,No,Burger,0–10,No
No,No,No,Yes,None,$$,Yes,Yes,Thai,0–10,Yes
No,Yes,Yes,No,None,$,Yes,No,Burger,>60,No
Yes,Yes,Yes,Yes,Full,$$$,No,Yes,Italian,10–30,No
No,No,No,No,Some,$,No,No,Thai,0–10,No
Yes,Yes,Yes,Yes,Full,$,No,No,Burger,30–60,Yes
Yes,No,No,Yes,None,$$$,Yes,Yes,French,0–10,Yes
Yes,No,No,Yes,None,$,Yes,No,Thai,30–60,No
No,Yes,No,No,Some,$,Yes,No,Burger,0–10,Yes
Yes,No,Yes,Yes,None,$,No,No,Thai,10–30,Yes
Yes,No,Yes,No,Full,$$$,Yes,Yes,French,>60,No
No,Yes,No,Yes,None,$$,No,Yes,Italian,0–10,Yes
No,Yes,No,No,Full,$,No,No,Burger,0–10,No
No,No,No,Yes,None,$$,No,Yes,Thai,0–10,Yes
No,Yes,Yes,No,None,$,No,No,Burger,>60,No
Yes,Yes,Yes,Yes,Full,$$$,Yes,Yes,Italian,10–30,No
No,No,No,No,Some,$,Yes,No,Thai,0–10,No
Yes,Yes,Yes,Yes,Full,$,Yes,No,Burger,30–60,Yes
No,No,No,Yes,None,$$$,No,Yes,French,0–10,Yes
No,No,No,Yes,None,$,No,No,Thai,30–60,No
Yes,Yes,No,No,Some,$,No,No,Burger,0–10,Yes
No,No,Yes,Yes,None,$,Yes,No,Thai,10–30,Yes
No,No,Yes,No,Full,$$$,No,Yes,French,>60,No
Yes,Yes,No,Yes,None,$$,Yes,Yes,Italian,0–10,Yes
Yes,Yes,No,No,Full,$,Yes,No,Burger,0–10,No
Yes,No,No,Yes,None,$$,Yes,Yes,Thai,0–10,Yes
Yes,Yes,Yes,No,None,$,Yes,No,Burger,>60,No
No,Yes,Yes,Yes,Full,$$$,No,Yes,Italian,10–30,No
Yes,No,No,No,Some,$,No,No,Thai,0–10,No
No,Yes,Yes,Yes,Full,$,No,No,Burger,30–60,Yes
No,No,No,Yes,None,$$$,Yes,Yes,French,0–10,Yes
No,No,No,Yes,None,$,Yes,No,Thai,30–60,No
Yes,Yes,No,No,Some,$,Yes,No,Burger,0–10,Yes
No,No,Yes,Yes,None,$,No,No,Thai,10–30,Yes
No,No,Yes,No,Full,$$$,Yes,Yes,French,>60,No
Yes,Yes,No,Yes,Some,$$,No,Yes,Italian,0–10,Yes
Yes,Yes,No,No,None,$,No,No,Burger,0–10,No
Yes,No,No,Yes,Some,$$,No,Yes,Thai,0–10,Yes
Yes,Yes,Yes,No,Full,$,No,No,Burger,>60,No
No,Yes,Yes,Yes,Full,$$$,Yes,Yes,Italian,10–30,No
Yes,No,No,No,None,$,Yes,No,Thai,0–10,No
No,Yes,Yes,Yes,Full,$,Yes,No,Burger,30–60,Yes
Yes,Yes,Yes,No,Full,$$,No,No,Burger,>60,No
No,Yes,Yes,Yes,Full,$,Yes,Yes,Italian,10–30,No
Yes,No,No,No,None,$$,Yes,No,Thai,0–10,No
No,Yes,Yes,Yes,Full,$$,Yes,No,Burger,30–60,Yes
